[
  { "email": "Sincere@april.biz", "password": "123" },
  { "email": "Shanna@melissa.tv", "password": "abc" },
  { "email": "Nathan@yesenia.net", "password": "ksi" },
  { "email": "Julianne.OConner@kory.org", "password": "2345y" },
  { "email": "Lucio_Hettinger@annie.ca", "password": "df5" },
  { "email": "Karley_Dach@jasper.info", "password": "1548098" },
  { "email": "Telly.Hoeger@billy.biz", "password": "123@2" },
  { "email": "Sherwood@rosamond.me", "password": "secret" },
  { "email": "Chaim_McDermott@dana.io", "password": "ultrasecret" },
  { "email": "Rey.Padberg@karina.biz", "password": "toby" },
  { "email": "alejandrobecerrabecerra73@gmail.com", "password": "123456" },
  { "email": "Julianne.OConner@kory.org", "password": "2345y" }
]
